City_ID,City,Country,Date,Lat,Lng,Max Temp,Humidity,Cloudiness,Wind Speed
0,Laguna,US,2021-11-28 15:07:30,38.421,-121.4238,59.5,96,1,0.0
1,Butaritari,KI,2021-11-28 15:08:16,3.0707,172.7902,81.14,80,76,13.31
2,Mataura,NZ,2021-11-28 15:08:16,-46.1927,168.8643,40.14,98,83,1.32
3,Narsaq,GL,2021-11-28 15:08:16,60.9167,-46.05,35.82,99,100,5.88
4,Kieta,PG,2021-11-28 15:08:17,-6.2167,155.6333,79.66,82,100,1.12
5,Mahebourg,MU,2021-11-28 15:08:17,-20.4081,57.7,79.09,73,40,6.91
6,Lodja,CD,2021-11-28 15:08:17,-3.4833,23.4333,76.24,77,93,2.15
7,Timmins,CA,2021-11-28 15:08:18,48.4669,-81.3331,19.81,89,100,4.59
8,Luanda,AO,2021-11-28 15:08:18,-8.8368,13.2343,82.4,74,20,9.22
9,Ushuaia,AR,2021-11-28 15:08:19,-54.8,-68.3,45.61,80,99,12.82
10,Sinnamary,GF,2021-11-28 15:08:19,5.3833,-52.95,83.32,69,86,10.0
11,Mwense,ZM,2021-11-28 15:08:19,-10.3845,28.698,77.11,67,93,3.22
12,Cremona,IT,2021-11-28 15:08:19,45.2333,9.9333,46.98,82,42,9.1
13,Upernavik,GL,2021-11-28 15:08:20,72.7868,-56.1549,-7.31,71,2,7.72
14,Tangshan,CN,2021-11-28 15:08:20,39.6333,118.1833,43.88,80,9,3.76
15,Jamestown,US,2021-11-28 15:08:06,42.097,-79.2353,34.92,93,90,6.91
16,Saldanha,ZA,2021-11-28 15:08:21,-33.0117,17.9442,65.86,79,61,9.44
17,Rikitea,PF,2021-11-28 15:08:21,-23.1203,-134.9692,76.46,70,8,16.84
18,Sitka,US,2021-11-28 15:08:21,57.0531,-135.33,33.69,80,90,4.61
19,East London,ZA,2021-11-28 15:08:21,-33.0153,27.9116,74.41,65,21,5.77
20,Hofn,IS,2021-11-28 15:08:22,64.2539,-15.2082,26.62,100,90,4.61
21,Karangasem,ID,2021-11-28 15:08:22,-8.45,115.6167,76.08,86,100,7.36
22,Bengkulu,ID,2021-11-28 15:08:23,-3.8004,102.2655,77.68,83,100,3.22
23,Deputatskiy,RU,2021-11-28 15:08:23,69.3,139.9,-11.79,95,100,5.19
24,Vaini,TO,2021-11-28 15:08:23,-21.2,-175.2,75.36,88,40,10.36
25,Avarua,CK,2021-11-28 15:08:24,-21.2078,-159.775,68.05,100,40,2.3
26,Busselton,AU,2021-11-28 15:08:24,-33.65,115.3333,60.15,93,94,10.74
27,Yerbogachen,RU,2021-11-28 15:08:24,61.2767,108.0108,-3.19,100,98,1.88
28,Merauke,ID,2021-11-28 15:08:25,-8.4667,140.3333,81.77,75,85,4.18
29,Cape Town,ZA,2021-11-28 15:08:25,-33.9258,18.4232,68.41,71,42,7.65
30,Hay River,CA,2021-11-28 15:08:25,60.8156,-115.7999,13.96,85,75,4.61
31,Tuktoyaktuk,CA,2021-11-28 15:08:26,69.4541,-133.0374,-5.35,94,100,15.05
32,Carauari,BR,2021-11-28 15:08:26,-4.8828,-66.8958,90.03,54,93,4.43
33,Longyearbyen,SJ,2021-11-28 15:08:26,78.2186,15.6401,10.24,56,20,24.16
34,Hilo,US,2021-11-28 15:08:27,19.7297,-155.09,71.33,83,90,8.05
35,Luocheng,CN,2021-11-28 15:08:27,29.3848,104.0286,55.42,77,100,2.93
36,Kruisfontein,ZA,2021-11-28 15:08:27,-34.0033,24.7314,70.61,64,6,22.91
37,Khrebtovaya,RU,2021-11-28 15:08:27,56.7032,104.2494,15.66,90,100,8.86
38,Jega,NG,2021-11-28 15:08:28,12.2175,4.3792,98.55,9,52,8.23
39,Ponta Do Sol,PT,2021-11-28 15:08:28,32.6667,-17.1,66.83,70,43,8.1
40,Tasiilaq,GL,2021-11-28 15:08:29,65.6145,-37.6368,26.76,98,97,1.25
41,Barrow,US,2021-11-28 15:05:02,71.2906,-156.7887,-9.38,70,90,11.5
42,Punta Arenas,CL,2021-11-28 15:08:29,-53.15,-70.9167,53.71,54,75,32.21
43,Dawlatabad,AF,2021-11-28 15:09:29,36.4141,64.9053,53.65,48,2,5.37
44,Yellowknife,CA,2021-11-28 15:09:30,62.456,-114.3525,9.27,87,100,15.48
45,Bethel,US,2021-11-28 15:09:30,41.3712,-73.414,34.38,75,90,0.0
46,Iralaya,HN,2021-11-28 15:09:30,15.0,-83.2333,84.29,60,47,12.41
47,Hithadhoo,MV,2021-11-28 15:09:31,-0.6,73.0833,81.99,74,87,14.23
48,Nuristan,AF,2021-11-28 15:09:31,35.3,70.8333,21.69,78,100,2.42
49,Fortuna,US,2021-11-28 15:09:31,40.5982,-124.1573,50.34,100,1,9.22
50,Tabory,RU,2021-11-28 15:09:31,58.5198,64.5495,20.05,79,41,7.67
51,Porto Novo,BJ,2021-11-28 15:09:32,6.4965,2.6036,87.24,62,87,9.28
52,College,US,2021-11-28 15:09:32,64.8569,-147.8028,-16.94,69,75,0.0
53,New Norfolk,AU,2021-11-28 15:09:32,-42.7826,147.0587,51.3,99,13,2.39
54,Albany,US,2021-11-28 15:06:09,42.6001,-73.9662,28.81,79,100,3.13
55,Emerald,AU,2021-11-28 15:09:33,-23.5333,148.1667,75.02,83,22,13.94
56,Nome,US,2021-11-28 15:09:33,64.5011,-165.4064,-18.33,69,1,0.0
57,Kandrian,PG,2021-11-28 15:09:33,-6.2167,149.55,78.35,87,48,2.98
58,La Ronge,CA,2021-11-28 15:09:34,55.1001,-105.2842,15.8,90,85,6.85
59,Puerto Baquerizo Moreno,EC,2021-11-28 15:09:34,-0.9,-89.6,68.95,81,82,10.76
60,George Town,MY,2021-11-28 15:06:44,5.4112,100.3354,78.73,89,20,3.44
61,Aygehovit,AM,2021-11-28 15:09:35,40.9795,45.2503,52.27,57,80,5.21
62,Olafsvik,IS,2021-11-28 15:09:35,64.8945,-23.7142,42.24,96,100,6.76
63,Grindavik,IS,2021-11-28 15:09:35,63.8424,-22.4338,41.47,93,90,13.8
64,Ixtapa,MX,2021-11-28 15:09:36,20.7,-105.2,70.83,78,90,5.75
65,Kihei,US,2021-11-28 15:09:36,20.785,-156.4656,72.66,83,20,9.22
66,Victoria,HK,2021-11-28 15:09:36,22.2855,114.1577,69.85,76,1,9.62
67,Kenai,US,2021-11-28 15:09:37,60.5544,-151.2583,3.25,78,90,5.75
68,Qaanaaq,GL,2021-11-28 15:09:37,77.484,-69.3632,-8.3,91,35,7.4
69,Neepawa,CA,2021-11-28 15:09:37,50.2289,-99.4664,15.31,91,87,1.61
70,Kaitangata,NZ,2021-11-28 15:09:38,-46.2817,169.8464,44.8,81,90,6.04
71,Tautira,PF,2021-11-28 15:09:38,-17.7333,-149.15,77.02,79,80,19.46
72,Taoudenni,ML,2021-11-28 15:09:38,22.6783,-3.9836,77.88,15,31,9.06
73,Severo-Kurilsk,RU,2021-11-28 15:09:39,50.6789,156.125,32.83,68,93,22.53
74,Saskylakh,RU,2021-11-28 15:09:39,71.9167,114.0833,-11.4,95,100,5.55
75,Atuona,PF,2021-11-28 15:09:39,-9.8,-139.0333,78.24,71,2,20.31
76,Mar Del Plata,AR,2021-11-28 15:09:40,-38.0023,-57.5575,63.75,91,100,11.18
77,Chapais,CA,2021-11-28 15:09:40,49.7834,-74.8492,11.98,89,95,8.46
78,Katangli,RU,2021-11-28 15:09:40,51.7102,143.2326,22.64,80,100,3.36
79,Leningradskiy,RU,2021-11-28 15:09:41,69.3833,178.4167,-21.41,92,30,11.05
80,Bathsheba,BB,2021-11-28 15:09:41,13.2167,-59.5167,88.41,66,40,17.27
81,Hambantota,LK,2021-11-28 15:09:41,6.1241,81.1185,79.14,100,40,1.14
82,Khvastovichi,RU,2021-11-28 15:09:41,53.4694,35.0941,33.94,92,93,4.03
83,Hermanus,ZA,2021-11-28 15:09:42,-34.4187,19.2345,65.23,84,53,13.69
84,Cabo San Lucas,MX,2021-11-28 15:09:42,22.8909,-109.9124,73.71,73,90,0.0
85,Balkhash,KZ,2021-11-28 15:09:42,46.844,74.9804,24.67,53,6,13.6
86,Namtsy,RU,2021-11-28 15:09:43,62.7161,129.6658,-5.69,97,98,5.21
87,Dubrovnik,HR,2021-11-28 15:09:43,42.6481,18.0922,60.44,82,75,12.66
88,Quatre Cocos,MU,2021-11-28 15:10:43,-20.2078,57.7625,78.91,70,56,5.97
89,Zhezkazgan,KZ,2021-11-28 15:10:44,47.8043,67.7144,21.52,75,33,10.4
90,Poum,NC,2021-11-28 15:10:44,-20.2333,164.0167,79.61,77,65,7.45
91,Kidal,ML,2021-11-28 15:10:44,18.4411,1.4078,92.17,10,100,2.24
92,Bentiu,SS,2021-11-28 15:10:45,9.2333,29.8333,97.56,22,12,7.09
93,Sawtell,AU,2021-11-28 15:10:45,-30.3833,153.1,62.62,94,90,6.91
94,Chokurdakh,RU,2021-11-28 15:10:45,70.6333,147.9167,-38.9,100,100,1.52
95,Ramhormoz,IR,2021-11-28 15:07:14,31.28,49.6035,69.91,42,28,4.59
96,Sungaipenuh,ID,2021-11-28 15:10:46,-2.0833,101.3833,63.16,96,64,1.68
97,Chuy,UY,2021-11-28 15:10:46,-33.6971,-53.4616,70.74,89,100,4.34
98,Khatanga,RU,2021-11-28 15:10:46,71.9667,102.5,-9.22,97,100,11.14
99,Hearst,CA,2021-11-28 15:10:47,49.6835,-83.6665,23.25,92,100,2.17
100,Tacoronte,ES,2021-11-28 15:10:47,28.4769,-16.4102,65.34,82,75,12.66
101,Torbay,CA,2021-11-28 15:10:47,47.6666,-52.7314,48.24,72,0,17.43
102,Thinadhoo,MV,2021-11-28 15:10:48,0.5333,72.9333,82.49,72,92,15.43
103,Lagoa,PT,2021-11-28 15:10:48,39.05,-27.9833,60.78,57,35,3.67
104,Menzelinsk,RU,2021-11-28 15:10:48,55.7271,53.1026,29.44,94,100,15.75
105,Amahai,ID,2021-11-28 15:10:48,-3.3333,128.9167,79.79,82,100,3.62
106,Blackwater,AU,2021-11-28 15:10:49,-23.5833,148.8833,73.36,88,19,11.56
107,Port Macquarie,AU,2021-11-28 15:07:07,-31.4333,152.9167,62.56,89,100,7.45
108,Port Alfred,ZA,2021-11-28 15:10:49,-33.5906,26.891,71.76,67,44,12.8
109,Ausa,ES,2021-11-28 15:10:50,41.9271,2.2497,47.5,32,45,9.1
110,Hobart,AU,2021-11-28 15:10:31,-42.8794,147.3294,51.66,93,9,8.05
111,Kapaa,US,2021-11-28 15:10:50,22.0752,-159.319,68.32,83,40,4.61
112,Port Lincoln,AU,2021-11-28 15:10:50,-34.7333,135.8667,59.85,81,0,8.99
113,Adre,TD,2021-11-28 15:10:51,13.4667,22.2,88.47,14,5,8.32
114,Kuybyshevo,RU,2021-11-28 15:10:51,47.8123,38.9073,49.66,92,100,5.68
115,Smithers,CA,2021-11-28 15:10:51,54.7804,-127.1743,34.12,100,90,10.36
116,Lavrentiya,RU,2021-11-28 15:10:52,65.5833,-171.0,-10.5,94,5,6.38
117,Manokwari,ID,2021-11-28 15:10:52,-0.8667,134.0833,79.43,81,99,6.26
118,Sahaswan,IN,2021-11-28 15:10:52,28.0833,78.75,69.37,44,5,3.53
119,Port Elizabeth,ZA,2021-11-28 15:09:36,-33.918,25.5701,71.02,67,33,20.31
120,Padang,ID,2021-11-28 15:10:53,-0.9492,100.3543,77.05,82,79,2.01
121,Mungwi,ZM,2021-11-28 15:10:53,-10.1732,31.3694,74.37,57,97,4.99
122,Sosua,DO,2021-11-28 15:06:57,19.7667,-70.5167,84.18,63,6,7.31
123,Airai,TL,2021-11-28 15:10:54,-8.9266,125.4092,62.47,92,98,0.49
124,Sioux Lookout,CA,2021-11-28 15:10:54,50.1001,-91.917,23.38,95,80,5.37
125,Saint-Philippe,RE,2021-11-28 15:10:54,-21.3585,55.7679,76.59,85,72,3.65
126,Kodiak,US,2021-11-28 15:10:55,57.79,-152.4072,11.71,52,20,6.91
127,Sisimiut,GL,2021-11-28 15:10:55,66.9395,-53.6735,28.72,88,100,9.28
128,Kulhudhuffushi,MV,2021-11-28 15:10:55,6.6221,73.07,80.69,78,100,5.06
129,Codrington,AU,2021-11-28 15:10:56,-38.2667,141.9667,47.12,92,14,8.1
130,Bluff,NZ,2021-11-28 15:10:56,-46.6,168.3333,50.7,74,83,15.01
131,Kavaratti,IN,2021-11-28 15:10:56,10.5669,72.642,82.29,74,95,9.01
132,Ribeira Grande,PT,2021-11-28 15:10:57,38.5167,-28.7,66.6,52,20,4.61
133,Solnechnyy,RU,2021-11-28 15:11:57,50.7214,136.6319,11.26,98,100,1.9
134,Castro,BR,2021-11-28 15:11:57,-24.7911,-50.0119,80.58,43,64,8.03
135,Galion,US,2021-11-28 15:11:44,40.7337,-82.7899,37.44,89,73,11.45
136,Hasaki,JP,2021-11-28 15:11:58,35.7333,140.8333,41.4,51,3,8.66
137,Shingu,JP,2021-11-28 15:11:58,33.7333,135.9833,43.25,69,51,5.66
138,Tenkodogo,BF,2021-11-28 15:09:45,11.78,-0.3697,96.19,8,100,9.17
139,Bredasdorp,ZA,2021-11-28 15:11:58,-34.5322,20.0403,71.19,61,63,20.11
140,Nichinan,JP,2021-11-28 15:11:59,31.6,131.3667,50.67,70,2,4.56
141,Cidreira,BR,2021-11-28 15:11:13,-30.1811,-50.2056,75.96,73,100,8.28
142,Tshikapa,CD,2021-11-28 15:11:59,-6.4167,20.8,78.87,87,80,0.81
143,Dingle,PH,2021-11-28 15:12:00,10.9995,122.6711,76.23,93,100,7.07
144,Nanortalik,GL,2021-11-28 15:12:00,60.1432,-45.2371,40.37,94,100,14.67
145,Fez,MA,2021-11-28 15:09:59,34.0372,-4.9998,55.65,43,40,16.11
146,Carbondale,US,2021-11-28 15:09:17,37.7273,-89.2168,42.69,67,1,12.66
147,Vestmannaeyjar,IS,2021-11-28 15:12:01,63.4427,-20.2734,40.19,87,90,29.93
148,Strezhevoy,RU,2021-11-28 15:12:01,60.7333,77.5889,12.18,99,99,2.89
149,Kavieng,PG,2021-11-28 15:12:01,-2.5744,150.7967,81.7,77,68,5.66
150,San Martin,AR,2021-11-28 15:12:02,-33.081,-68.4681,72.14,29,10,6.89
151,San Francisco,US,2021-11-28 15:11:18,37.7749,-122.4194,49.91,87,20,0.0
152,Bambous Virieux,MU,2021-11-28 15:12:02,-20.3428,57.7575,79.05,73,40,6.91
153,Constantine,DZ,2021-11-28 15:09:15,36.365,6.6147,44.74,70,85,14.16
154,Henties Bay,NA,2021-11-28 15:12:03,-22.116,14.2845,66.07,71,2,13.78
155,Camana,PE,2021-11-28 15:12:03,-16.6228,-72.7111,69.85,75,76,9.91
156,Huanren,CN,2021-11-28 15:12:03,41.2647,125.3667,33.87,87,97,4.99
157,Clarence Town,AU,2021-11-28 15:12:03,-32.5833,151.7833,60.71,89,99,1.68
158,Vagur,FO,2021-11-28 15:12:04,61.4732,-6.8119,38.21,63,99,8.23
159,Gondar,ET,2021-11-28 15:12:04,12.6,37.4667,66.29,35,5,5.97
160,Thompson,CA,2021-11-28 15:12:04,55.7435,-97.8558,5.16,85,90,4.61
161,Abu Dhabi,AE,2021-11-28 15:12:05,24.4667,54.3667,79.27,63,0,12.88
162,Gazanjyk,TM,2021-11-28 15:12:05,39.2446,55.5154,53.38,38,69,10.02
163,Misratah,LY,2021-11-28 15:12:05,32.3754,15.0925,81.28,41,83,21.79
164,Ilulissat,GL,2021-11-28 15:12:06,69.2167,-51.1,19.42,58,100,4.61
165,Qasigiannguit,GL,2021-11-28 15:12:06,68.8193,-51.1922,19.65,90,99,3.06
166,Gravdal,NO,2021-11-28 15:12:06,68.1214,13.5031,30.09,93,75,10.36
167,Flin Flon,CA,2021-11-28 15:12:07,54.7682,-101.865,6.64,85,75,4.61
168,Nikolskoye,RU,2021-11-28 15:12:07,59.7035,30.7861,26.49,96,97,3.74
169,Kyra,RU,2021-11-28 15:12:07,49.5776,111.9753,1.81,91,5,3.58
170,Entebbe,UG,2021-11-28 15:12:08,0.0644,32.4469,77.32,65,20,2.3
171,Inhambane,MZ,2021-11-28 15:12:08,-23.865,35.3833,74.91,57,1,11.81
172,Asmara,ER,2021-11-28 15:12:08,15.3333,38.9333,57.42,80,33,9.55
173,Nuuk,GL,2021-11-28 15:12:08,64.1835,-51.7216,38.01,93,75,8.05
174,Lahad Datu,MY,2021-11-28 15:12:09,5.0268,118.327,76.84,93,98,5.77
175,Fort Nelson,CA,2021-11-28 15:12:09,58.8053,-122.7002,-2.61,84,90,4.61
176,Peleduy,RU,2021-11-28 15:12:09,59.6289,112.7406,8.98,95,100,5.73
177,Charleston,US,2021-11-28 15:12:10,32.7766,-79.9309,59.02,40,1,8.05
178,Korem,ET,2021-11-28 15:13:10,12.5058,39.5228,59.72,52,60,8.88
179,Along,IN,2021-11-28 15:13:10,28.1667,94.7667,56.37,63,0,2.46
180,Tual,ID,2021-11-28 15:13:11,-5.6667,132.75,84.38,67,90,0.92
181,Atbasar,KZ,2021-11-28 15:13:11,51.8,68.3333,6.82,88,77,5.86
182,Ilebo,CD,2021-11-28 15:13:11,-4.3167,20.5833,79.99,74,98,3.87
183,Verin,ES,2021-11-28 15:13:12,41.9415,-7.4381,45.37,89,100,9.01
184,Maarianhamina,AX,2021-11-28 15:13:12,60.0973,19.9348,22.86,86,40,5.75
185,Tuatapere,NZ,2021-11-28 15:13:12,-46.1333,167.6833,44.08,90,83,2.46
186,Panguna,PG,2021-11-28 15:13:12,-6.3164,155.4848,69.1,95,100,1.45
187,Pangkalanbuun,ID,2021-11-28 15:13:13,-2.6833,111.6167,71.83,99,100,2.06
188,Xiongzhou,CN,2021-11-28 15:13:13,25.1167,114.3,56.17,81,2,2.73
189,Clyde River,CA,2021-11-28 15:13:13,70.4692,-68.5914,5.23,85,100,12.66
190,Havelock,US,2021-11-28 15:13:14,34.8791,-76.9013,62.55,46,100,9.33
191,Isangel,VU,2021-11-28 15:13:14,-19.55,169.2667,77.52,85,100,8.05
192,Caravelas,BR,2021-11-28 15:13:14,-17.7125,-39.2481,85.3,60,87,9.31
193,Ubinskoye,RU,2021-11-28 15:13:15,55.3068,79.6802,11.98,97,93,8.05
194,Estepona,ES,2021-11-28 15:13:15,36.4276,-5.1459,57.11,35,0,11.81
195,Uinskoye,RU,2021-11-28 15:13:15,56.8817,56.5813,25.25,93,100,14.63
196,Mandalgovi,MN,2021-11-28 15:13:16,45.7625,106.2708,14.38,47,3,9.98
197,Shizunai,JP,2021-11-28 15:13:16,42.3339,142.3669,38.19,71,7,5.93
198,Tiarei,PF,2021-11-28 15:13:16,-17.5333,-149.3333,77.02,79,46,15.88
199,Muyezerskiy,RU,2021-11-28 15:13:17,63.9333,31.65,7.2,97,100,4.32
200,Saint-Augustin,CA,2021-11-28 15:13:17,51.226,-58.6502,35.83,86,100,25.86
201,Graham,US,2021-11-28 15:13:17,47.0529,-122.2943,58.8,74,1,10.36
202,Pevek,RU,2021-11-28 15:13:17,69.7008,170.3133,-3.89,85,94,1.61
203,Anadyr,RU,2021-11-28 15:13:18,64.75,177.4833,-1.23,93,100,3.8
204,Soe,ID,2021-11-28 15:13:18,-9.8607,124.284,69.46,90,100,3.31
205,Carnarvon,AU,2021-11-28 15:11:06,-24.8667,113.6333,78.87,61,3,18.41
206,Katsuura,JP,2021-11-28 15:13:18,35.1333,140.3,50.11,57,4,7.2
207,Barraute,CA,2021-11-28 15:13:19,48.4335,-77.6328,8.87,82,82,2.98
208,Saint-Pierre,RE,2021-11-28 15:13:19,-21.3393,55.4781,76.68,78,90,10.36
209,Shenjiamen,CN,2021-11-28 15:13:20,29.9576,122.298,61.48,85,100,7.76
210,Rio Pomba,BR,2021-11-28 15:13:20,-21.2747,-43.1792,84.81,51,24,8.84
211,Yumen,CN,2021-11-28 15:13:20,40.2833,97.2,20.48,43,9,18.21
212,Kahului,US,2021-11-28 15:13:21,20.8947,-156.47,72.66,83,20,9.22
213,Nantucket,US,2021-11-28 15:13:21,41.2835,-70.0995,39.31,56,90,6.91
214,Vigrestad,NO,2021-11-28 15:13:21,58.5667,5.7,33.48,58,88,6.35
215,Tiznit,MA,2021-11-28 15:13:22,29.5833,-9.5,61.18,36,0,7.61
216,Nizhniy Kuranakh,RU,2021-11-28 15:13:22,58.8353,125.4869,-2.18,97,100,4.27
217,Luderitz,NA,2021-11-28 15:13:22,-26.6481,15.1594,69.82,63,0,17.98
218,Arraial Do Cabo,BR,2021-11-28 15:13:23,-22.9661,-42.0278,78.66,78,75,4.61
219,Council Bluffs,US,2021-11-28 15:13:23,41.2619,-95.8608,34.02,77,75,0.0
220,Aykino,RU,2021-11-28 15:13:23,62.2248,49.9922,25.93,96,100,6.93
221,Inuvik,CA,2021-11-28 15:13:24,68.3499,-133.7218,-7.82,95,100,15.68
222,San Patricio,US,2021-11-28 15:13:24,28.017,-97.5169,58.86,75,100,9.37
223,Mezen,RU,2021-11-28 15:13:24,65.8522,44.24,7.11,90,100,7.58
224,Iracoubo,GF,2021-11-28 15:13:25,5.4802,-53.2011,83.12,69,96,9.98
225,Puerto Ayora,EC,2021-11-28 15:14:25,-0.7393,-90.3518,73.36,78,97,9.44
226,Komsomolskiy,UZ,2021-11-28 15:14:25,40.4272,71.7189,39.92,81,91,0.0
227,Converse,US,2021-11-28 15:14:25,29.518,-98.3161,54.21,97,1,5.75
228,Provideniya,RU,2021-11-28 15:14:26,64.3833,-173.3,-5.57,77,5,4.34
229,Ercis,TR,2021-11-28 15:14:26,39.0287,43.3586,44.2,90,100,3.2
230,Marrakesh,MA,2021-11-28 15:11:32,31.6315,-8.0083,60.87,44,75,9.22
231,Usinsk,RU,2021-11-28 15:14:27,65.9939,57.5281,8.92,87,100,14.7
232,Bosaso,SO,2021-11-28 15:14:27,11.2842,49.1816,79.43,69,49,7.74
233,Te Anau,NZ,2021-11-28 15:14:27,-45.4167,167.7167,43.43,87,92,0.36
234,Mount Gambier,AU,2021-11-28 15:09:31,-37.8333,140.7667,49.15,93,3,4.81
235,Cocorit,MX,2021-11-28 15:14:28,27.5833,-109.9667,53.94,50,100,5.5
236,Namatanai,PG,2021-11-28 15:14:28,-3.6667,152.4333,79.7,80,89,3.31
237,Vega De Alatorre,MX,2021-11-28 15:14:28,20.0333,-96.6333,72.79,78,46,6.26
238,Chitaga,CO,2021-11-28 15:14:29,7.1378,-72.6646,60.55,63,30,5.66
239,Atar,MR,2021-11-28 15:14:29,20.5169,-13.0499,77.54,18,0,18.14
240,Mogadishu,SO,2021-11-28 15:14:29,2.0371,45.3438,81.77,73,15,8.25
241,Pospelikha,RU,2021-11-28 15:14:30,51.95,81.7667,15.91,82,28,9.66
242,Geraldton,AU,2021-11-28 15:14:30,-28.7667,114.6,70.21,88,90,13.8
243,Salalah,OM,2021-11-28 15:14:30,17.0151,54.0924,77.83,62,0,1.05
244,Minot,US,2021-11-28 15:09:56,48.2325,-101.2963,30.42,64,20,9.22
245,Norman Wells,CA,2021-11-28 15:14:31,65.282,-126.8329,-16.24,96,100,5.5
246,Husavik,IS,2021-11-28 15:14:31,66.0449,-17.3389,26.51,91,100,9.04
247,Mosquera,CO,2021-11-28 15:14:31,4.7059,-74.2302,66.29,48,40,10.36
248,Edendale,ZA,2021-11-28 15:14:32,-29.6528,30.3147,75.79,65,87,2.75
249,Idlib,SY,2021-11-28 15:14:32,35.9306,36.6339,58.39,50,19,1.72
250,Moron,AR,2021-11-28 15:14:32,-34.6534,-58.6198,69.55,93,100,2.95
251,Yokadouma,CM,2021-11-28 15:14:33,3.5167,15.05,91.29,27,81,4.54
252,Acapulco,MX,2021-11-28 15:11:50,16.8634,-99.8901,78.62,69,40,3.44
253,Port Hardy,CA,2021-11-28 15:14:33,50.6996,-127.4199,46.58,100,90,9.22
254,Ambilobe,MG,2021-11-28 15:14:33,-13.2,49.05,78.28,80,100,2.48
255,Ardon,RU,2021-11-28 15:14:34,43.17,44.29,41.99,61,67,1.45
256,Dikson,RU,2021-11-28 15:14:34,73.5069,80.5464,-14.67,99,100,11.77
257,Hikari,JP,2021-11-28 15:14:34,33.955,131.95,44.58,69,22,4.79
258,Ketchikan,US,2021-11-28 15:14:35,55.3422,-131.6461,41.47,93,90,0.0
259,Gawler,AU,2021-11-28 15:14:35,-34.6,138.7333,60.31,42,0,4.34
260,Ancud,CL,2021-11-28 15:14:35,-41.8697,-73.8203,56.73,64,93,8.59
261,Shanghai,CN,2021-11-28 15:13:11,31.2222,121.4581,60.67,77,0,6.71
262,Espergaerde,DK,2021-11-28 15:14:36,56.0,12.5667,39.0,97,100,15.57
263,Arlit,NE,2021-11-28 15:14:36,18.7369,7.3853,94.01,7,32,0.65
264,Bonthe,SL,2021-11-28 15:14:36,7.5264,-12.505,84.76,68,41,7.58
265,Wasilla,US,2021-11-28 15:14:37,61.5814,-149.4394,-0.98,75,1,0.0
266,Vila Velha,BR,2021-11-28 15:14:37,-20.3297,-40.2925,87.75,58,20,10.36
267,Bahia Honda,CU,2021-11-28 15:14:37,22.9036,-83.1592,76.41,57,83,5.48
268,Yanji,CN,2021-11-28 15:14:37,42.9075,129.5078,28.27,84,65,2.53
269,Asau,RO,2021-11-28 15:14:38,46.4333,26.4,47.32,79,36,4.38
270,Souillac,MU,2021-11-28 15:14:38,-20.5167,57.5167,79.18,73,40,6.91
271,Nagato,JP,2021-11-28 15:14:38,34.3833,131.2,49.03,64,69,4.81
272,Le Port,RE,2021-11-28 15:14:39,-20.9373,55.2919,77.0,82,96,2.08
273,Praia,CV,2021-11-28 15:15:39,14.9215,-23.5087,81.14,57,40,27.63
274,Aasiaat,GL,2021-11-28 15:15:40,68.7098,-52.8699,15.53,79,100,13.38
275,Bondo,CD,2021-11-28 15:15:40,3.8146,23.6866,88.43,37,100,2.39
276,Hamilton,US,2021-11-28 15:13:17,39.1834,-84.5333,38.95,81,90,8.05
277,Ossora,RU,2021-11-28 15:15:40,59.2353,163.0719,32.34,90,100,11.86
278,Vila,PT,2021-11-28 15:15:41,42.0304,-8.1588,36.48,93,100,4.43
279,Kaeo,NZ,2021-11-28 15:15:41,-35.1,173.7833,58.75,91,100,2.35
280,Abulug,PH,2021-11-28 15:15:41,18.4453,121.4533,75.81,92,80,7.25
281,Eureka,US,2021-11-28 15:11:53,40.8021,-124.1637,50.61,92,100,1.86
282,Mercedes,AR,2021-11-28 15:15:42,-34.6515,-59.4307,60.64,98,100,8.79
283,Maceio,BR,2021-11-28 15:12:36,-9.6658,-35.7353,94.44,46,75,10.36
284,Faanui,PF,2021-11-28 15:15:42,-16.4833,-151.75,80.96,72,100,10.13
285,Cananea,MX,2021-11-28 15:13:43,30.95,-110.3,46.42,55,0,7.61
286,Zetaquira,CO,2021-11-28 15:15:43,5.2822,-73.169,75.29,58,54,5.21
287,Dukat,RU,2021-11-28 15:15:43,62.55,155.55,-17.59,100,41,1.61
288,Tuxpan,MX,2021-11-28 15:15:43,19.55,-103.4,65.97,57,76,2.64
289,Xingyi,CN,2021-11-28 15:15:44,24.1877,102.817,50.23,94,41,2.66
290,Preeceville,CA,2021-11-28 15:15:44,51.95,-102.6677,9.43,95,98,7.05
291,Amqui,CA,2021-11-28 15:11:33,48.4638,-67.4313,27.09,88,100,13.73
292,Kyabram,AU,2021-11-28 15:15:44,-36.3167,145.05,57.49,59,2,5.01
293,Varhaug,NO,2021-11-28 15:15:45,58.6147,5.6457,33.35,60,73,5.95
294,Koulamoutou,GA,2021-11-28 15:15:45,-1.1303,12.4736,85.96,58,60,2.62
295,Soyo,AO,2021-11-28 15:15:45,-6.1349,12.3689,81.3,78,74,12.39
296,Kudahuvadhoo,MV,2021-11-28 15:15:46,2.6708,72.8944,83.14,67,100,14.58
297,Tramandai,BR,2021-11-28 15:15:46,-29.9847,-50.1336,77.27,70,100,7.54
298,Sorland,NO,2021-11-28 15:15:46,67.667,12.6934,30.27,51,100,12.73
299,Magistralnyy,RU,2021-11-28 15:15:47,56.1725,107.4458,12.34,90,100,5.97
300,Nea Pella,GR,2021-11-28 15:15:47,40.7661,22.4856,64.09,68,96,8.3
301,Ust-Kuyga,RU,2021-11-28 15:15:47,70.0167,135.6,-8.16,100,100,2.8
302,Sao Filipe,CV,2021-11-28 15:15:48,14.8961,-24.4956,77.63,68,58,13.6
303,Nicoya,CR,2021-11-28 15:15:48,10.1483,-85.452,81.95,73,59,13.13
304,Norrtalje,SE,2021-11-28 15:15:48,59.758,18.705,26.53,61,94,6.29
305,Ocos,GT,2021-11-28 15:15:49,14.5094,-92.1933,84.7,69,97,3.83
306,Taltal,CL,2021-11-28 15:15:49,-25.4,-70.4833,66.4,69,7,6.08
307,Bridgton,US,2021-11-28 15:15:49,44.0548,-70.7128,29.73,42,17,2.89
308,Zlobin,HR,2021-11-28 15:15:49,45.2924,14.6541,40.3,76,40,8.05
309,Polyarnyy,RU,2021-11-28 15:15:50,69.1989,33.4478,6.96,92,26,11.7
310,Catuday,PH,2021-11-28 15:15:50,16.2923,119.8062,78.46,77,100,13.04
311,Creel,MX,2021-11-28 15:15:50,27.75,-107.6333,41.02,75,98,4.88
312,Kuhdasht,IR,2021-11-28 15:15:51,33.535,47.6061,58.05,38,56,4.54
313,Russell,US,2021-11-28 15:15:27,32.3502,-85.1999,52.88,57,90,0.0
314,Khao Wong,TH,2021-11-28 15:15:51,16.7001,104.0902,67.5,77,56,5.35
315,Nagod,IN,2021-11-28 15:15:51,24.5667,80.6,64.78,42,64,3.42
316,Estelle,US,2021-11-28 15:15:52,29.8458,-90.1067,53.6,82,90,0.0
317,Tallahassee,US,2021-11-28 15:15:50,30.4383,-84.2807,55.49,62,75,3.44
318,Zajecar,RS,2021-11-28 15:15:52,43.9036,22.2641,52.05,74,100,3.2
319,Mantua,IT,2021-11-28 15:15:53,45.1667,10.7833,44.92,70,98,5.97
320,Noyabrsk,RU,2021-11-28 15:15:53,63.1994,75.4507,-14.03,100,74,5.53
321,Novoselytsya,UA,2021-11-28 15:16:53,48.2193,26.2653,53.17,67,85,4.45
322,Northam,GB,2021-11-28 15:16:54,51.0333,-4.2167,44.22,72,100,11.23
323,Whitehorse,CA,2021-11-28 15:16:54,60.7161,-135.0538,0.37,85,90,3.44
324,Apatity,RU,2021-11-28 15:16:55,67.5641,33.4031,-0.63,99,50,3.24
325,Chifeng,CN,2021-11-28 15:16:55,42.2683,118.9636,32.63,72,20,4.9
326,Dengfeng,CN,2021-11-28 15:16:55,34.4553,113.0281,47.21,72,1,2.33
327,Gat,IL,2021-11-28 15:16:55,31.61,34.7642,75.88,42,13,4.25
328,Alofi,NU,2021-11-28 15:16:56,-19.0595,-169.9187,75.09,78,100,12.66
329,Rafai,CF,2021-11-28 15:16:56,4.95,23.9167,93.33,25,99,3.4
330,Suntar,RU,2021-11-28 15:16:56,62.1444,117.6319,3.13,98,100,3.94
331,Ashqelon,IL,2021-11-28 15:16:57,31.6693,34.5715,76.89,54,12,5.61
332,Corinto,GR,2021-11-28 15:16:57,37.9407,22.9573,66.31,67,7,6.26
333,Fomboni,KM,2021-11-28 15:16:57,-12.28,43.7425,80.24,78,48,12.35
334,Lorengau,PG,2021-11-28 15:16:58,-2.0226,147.2712,81.19,78,89,2.21
335,Guane,CU,2021-11-28 15:16:58,22.2025,-84.0875,76.71,63,36,6.67
336,Galesong,ID,2021-11-28 15:16:58,-5.3166,119.3661,75.22,79,100,2.24
337,Manavalakurichi,IN,2021-11-28 15:16:59,8.1333,77.3,77.09,88,100,3.53
338,Marsa Matruh,EG,2021-11-28 15:16:59,31.3525,27.2453,73.92,49,100,6.69
339,Iberia,US,2021-11-28 15:13:01,29.9502,-91.7507,51.87,82,40,6.91
340,Beloha,MG,2021-11-28 15:16:59,-25.1667,45.05,68.49,52,58,15.77
341,Vanimo,PG,2021-11-28 15:17:00,-2.6741,141.3028,77.7,86,96,2.57
342,Kalamb,IN,2021-11-28 15:17:00,19.05,73.95,69.33,46,26,7.23
343,Kargasok,RU,2021-11-28 15:17:01,59.0556,80.8572,26.01,92,91,11.03
344,Klaksvik,FO,2021-11-28 15:17:01,62.2266,-6.589,34.72,64,100,8.79
345,Machico,PT,2021-11-28 15:17:01,32.7,-16.7667,68.63,60,40,18.41
346,Belmonte,BR,2021-11-28 15:17:02,-15.8631,-38.8828,84.7,70,97,13.11
347,State College,US,2021-11-28 15:15:26,40.7934,-77.86,40.39,100,90,3.44
348,Jumla,NP,2021-11-28 15:17:02,29.2747,82.1838,40.41,62,1,4.72
349,Mugur-Aksy,RU,2021-11-28 15:17:02,50.35,90.5,8.01,88,86,6.49
350,Bure,ET,2021-11-28 15:17:03,10.7,37.0667,66.02,46,31,1.68
351,Novouzensk,RU,2021-11-28 15:17:03,50.4592,48.1431,37.17,82,100,11.65
352,Sistranda,NO,2021-11-28 15:17:03,63.7256,8.834,21.16,63,17,5.7
353,Iqaluit,CA,2021-11-28 15:17:04,63.7506,-68.5145,24.53,63,90,4.61
354,Sarakhs,IR,2021-11-28 15:17:04,36.5449,61.1577,56.89,39,0,7.36
355,Belokurikha,RU,2021-11-28 15:17:04,51.9959,84.9896,20.73,85,100,4.09
356,Hetauda,NP,2021-11-28 15:17:04,27.4284,85.0322,65.55,74,1,4.38
357,Antsohihy,MG,2021-11-28 15:17:05,-14.8796,47.9875,80.42,75,87,4.74
358,Mariinskiy Posad,RU,2021-11-28 15:17:05,56.115,47.718,34.74,99,100,10.89
359,Jingdezhen,CN,2021-11-28 15:17:05,29.2947,117.2079,54.59,85,95,3.67
360,Moose Factory,CA,2021-11-28 15:17:06,51.2585,-80.6094,15.8,86,90,4.61
361,Imeni Poliny Osipenko,RU,2021-11-28 15:17:06,52.4201,136.4853,13.73,97,100,2.48
362,Talmenka,RU,2021-11-28 15:17:06,53.8183,83.5677,20.64,94,43,7.31
363,Mayor Pablo Lagerenza,PY,2021-11-28 15:17:07,-19.9309,-60.7718,99.5,32,13,15.68
364,Tahta,EG,2021-11-28 15:17:07,26.7693,31.5021,82.87,12,58,8.88
365,Amargosa,BR,2021-11-28 15:17:07,-13.0303,-39.6047,71.65,94,100,2.17
366,Zyryanka,RU,2021-11-28 15:18:08,65.75,150.85,-38.92,99,99,5.14
367,Baiyin,CN,2021-11-28 15:18:08,36.5583,104.2081,27.48,58,100,16.17
368,Chase,CA,2021-11-28 15:18:08,50.8165,-119.6857,38.95,99,100,3.2
369,Tiksi,RU,2021-11-28 15:18:09,71.6872,128.8694,-11.2,97,100,6.53
370,Touros,BR,2021-11-28 15:18:09,-5.1989,-35.4608,86.9,57,36,12.73
371,Charlestown,AU,2021-11-28 15:17:59,-32.95,151.6667,60.58,80,99,7.23
372,Aljezur,PT,2021-11-28 15:18:09,37.3191,-8.8033,57.63,61,13,14.16
373,Amga,RU,2021-11-28 15:18:10,60.8953,131.9608,-4.07,98,100,4.88
374,Saint George,US,2021-11-28 15:13:58,37.1041,-113.5841,34.39,51,1,0.0
375,Miedzyrzecz,PL,2021-11-28 15:18:10,52.4446,15.578,35.67,76,100,2.73
376,Brigantine,US,2021-11-28 15:15:36,39.4101,-74.3646,50.2,53,75,10.36
377,Gloversville,US,2021-11-28 15:18:11,43.0528,-74.3438,28.18,93,90,3.44
378,Vilhena,BR,2021-11-28 15:18:11,-12.7406,-60.1458,77.22,83,75,19.57
379,Malindi,KE,2021-11-28 15:18:11,-3.2175,40.1191,82.67,73,47,11.05
380,Pisco,PE,2021-11-28 15:18:12,-13.7,-76.2167,69.85,73,0,10.36
381,Santa Cruz,BO,2021-11-28 15:15:03,-17.8,-63.1667,84.25,58,75,25.32
382,Teguldet,RU,2021-11-28 15:18:12,57.3064,88.1667,21.69,92,100,13.09
383,Richards Bay,ZA,2021-11-28 15:18:12,-28.783,32.0377,79.79,63,41,22.15
384,Vila Do Maio,CV,2021-11-28 15:18:13,15.1333,-23.2167,81.39,73,93,22.75
385,Pangnirtung,CA,2021-11-28 15:18:13,66.1451,-65.7125,23.0,86,90,4.61
386,Orlik,RU,2021-11-28 15:18:13,52.5178,99.825,8.65,89,100,5.37
387,Khandbari,NP,2021-11-28 15:18:14,27.3747,87.2039,56.46,75,28,3.04
388,Poltavka,RU,2021-11-28 15:18:14,54.3663,71.7632,12.18,89,70,7.23
389,Bonavista,CA,2021-11-28 15:18:14,48.6499,-53.1147,44.6,82,8,18.84
390,Sawakin,SD,2021-11-28 15:18:14,19.1059,37.3321,82.71,71,1,9.46
391,Norden,DE,2021-11-28 15:18:15,53.6,7.2,37.38,77,100,21.52
392,Sao Joao Da Barra,BR,2021-11-28 15:18:15,-21.6403,-41.0511,86.09,70,42,5.3
393,Darhan,MN,2021-11-28 15:18:15,49.4867,105.9228,13.01,85,78,4.0
394,Turmalina,BR,2021-11-28 15:18:16,-17.2856,-42.73,79.66,65,90,7.2
395,Mareeba,AU,2021-11-28 15:18:16,-17.0,145.4333,72.32,96,73,3.02
396,Yankton,US,2021-11-28 15:18:16,42.8711,-97.3973,26.85,93,1,3.44
397,Ippy,CF,2021-11-28 15:18:17,6.2679,21.2247,92.41,23,85,4.14
398,Biancavilla,IT,2021-11-28 15:18:17,37.6451,14.8671,49.28,89,100,7.92
399,Kimamba,TZ,2021-11-28 15:18:17,-6.7833,37.1333,78.26,67,94,2.13
400,Cabra,ES,2021-11-28 15:18:18,37.4725,-4.4421,51.1,44,1,8.84
401,Hovd,MN,2021-11-28 15:18:18,48.0056,91.6419,18.91,29,100,2.68
402,Plettenberg Bay,ZA,2021-11-28 15:18:18,-34.0527,23.3716,67.82,77,80,12.01
403,Qui Nhon,VN,2021-11-28 15:18:19,13.7667,109.2333,77.65,91,100,13.33
404,Faya,SA,2021-11-28 15:18:19,18.3851,42.4509,69.91,35,0,6.93
405,Cherskiy,RU,2021-11-28 15:18:19,68.75,161.3,-6.11,99,100,3.42
406,Thaba-Tseka,LS,2021-11-28 15:18:20,-29.522,28.6084,59.4,58,55,20.45
407,Shelburne,CA,2021-11-28 15:15:18,44.0787,-80.2041,27.05,93,100,3.58
408,Mujiayingzi,CN,2021-11-28 15:16:15,42.1167,118.7833,31.84,71,19,5.73
409,Iwanai,JP,2021-11-28 15:18:20,42.9744,140.5089,29.1,93,9,5.01
410,Harnosand,SE,2021-11-28 15:18:21,62.6323,17.9379,19.4,83,100,7.85
411,Georgetown,MY,2021-11-28 15:13:59,5.4112,100.3354,78.73,89,20,3.44
412,Diego De Almagro,CL,2021-11-28 15:18:21,-26.3667,-70.05,79.52,15,0,9.31
413,Matara,LK,2021-11-28 15:19:21,5.9485,80.5353,77.2,90,93,5.73
414,Casino,AU,2021-11-28 15:19:22,-28.8667,153.05,66.15,88,94,1.14
415,Zhigansk,RU,2021-11-28 15:19:22,66.7697,123.3711,-6.56,99,99,7.52
416,Belle Fourche,US,2021-11-28 15:19:22,44.6714,-103.8522,51.31,46,94,6.44
417,Hualmay,PE,2021-11-28 15:19:23,-11.0964,-77.6139,70.3,75,84,9.82
418,Lang Son,VN,2021-11-28 15:19:23,21.8333,106.7333,61.16,71,5,3.29
419,Wolbrom,PL,2021-11-28 15:19:23,50.3796,19.7583,37.54,95,100,7.81
420,Shirokiy,RU,2021-11-28 15:19:24,49.758,129.523,4.03,97,100,5.86
421,Marawi,PH,2021-11-28 15:19:24,7.9986,124.2928,69.12,95,48,1.43
422,Miraflores,MX,2021-11-28 15:19:24,19.2167,-98.8083,55.81,53,47,2.95
423,Kutum,SD,2021-11-28 15:19:25,14.2,24.6667,82.24,14,2,12.66
424,Kirovskiy,RU,2021-11-28 15:19:25,45.0917,133.5136,24.03,87,100,5.01
425,Los Llanos De Aridane,ES,2021-11-28 15:19:25,28.6585,-17.9182,62.35,88,75,20.71
426,Aksu,CN,2021-11-28 15:19:25,41.1231,80.2644,30.88,54,7,3.62
427,Ankang,CN,2021-11-28 15:19:26,32.68,109.0172,53.26,58,80,1.97
428,Arawa,PG,2021-11-28 15:19:26,-6.2132,155.5367,77.52,90,100,0.81
429,Rocha,UY,2021-11-28 15:19:26,-34.4833,-54.3333,73.56,76,100,5.41
430,Bowen,AU,2021-11-28 15:19:27,-20.0167,148.2333,79.65,82,94,9.95
431,Homer,US,2021-11-28 15:15:53,59.6425,-151.5483,12.09,85,90,19.57
432,Leh,IN,2021-11-28 15:19:27,34.1667,77.5833,17.6,65,56,2.53
433,Itaituba,BR,2021-11-28 15:19:28,-4.2761,-55.9836,86.16,79,40,5.75
434,Aksarka,RU,2021-11-28 15:19:28,66.5606,67.7975,-15.81,99,92,5.03
435,Dibulla,CO,2021-11-28 15:19:28,11.2725,-73.3091,83.84,71,70,10.04
436,Manuk Mangkaw,PH,2021-11-28 15:19:29,4.8,119.85,83.12,77,99,8.3
437,Kendari,ID,2021-11-28 15:19:29,-3.945,122.4989,76.06,93,100,5.68
438,Coquimbo,CL,2021-11-28 15:19:29,-29.9533,-71.3436,64.13,72,0,17.27
439,Yulara,AU,2021-11-28 15:19:29,-25.2406,130.9889,69.64,28,0,3.44
440,Teguise,ES,2021-11-28 15:19:30,29.0605,-13.564,64.62,64,75,19.57
441,Road Town,VG,2021-11-28 15:19:30,18.4167,-64.6167,86.04,70,20,9.22
442,Hohhot,CN,2021-11-28 15:19:30,40.8106,111.6522,30.49,55,0,13.42
443,Rudbar,AF,2021-11-28 15:19:31,30.15,62.6,62.89,25,15,4.09
444,Mandiana,GN,2021-11-28 15:18:08,10.6333,-8.6833,96.91,18,9,6.06
445,Alta Floresta,BR,2021-11-28 15:19:31,-9.8756,-56.0861,85.82,74,40,8.05
446,Sept-Iles,CA,2021-11-28 15:16:03,50.2001,-66.3821,30.72,74,75,12.66
447,Lahaina,US,2021-11-28 15:19:32,20.8783,-156.6825,72.64,76,5,9.28
448,Seoul,KR,2021-11-28 15:19:32,37.5683,126.9778,38.64,80,100,3.44
449,Bucerias,MX,2021-11-28 15:14:33,20.75,-105.3333,71.58,78,90,5.75
450,Esperance,AU,2021-11-28 15:19:32,-33.8667,121.9,75.78,34,100,16.26
451,Lata,PT,2021-11-28 15:19:33,40.1629,-8.3327,54.01,75,84,6.67
452,Namibe,AO,2021-11-28 15:19:33,-15.1961,12.1522,72.82,69,77,13.51
453,Saint-Joseph,RE,2021-11-28 15:19:33,-21.3667,55.6167,75.58,86,70,2.75
454,Murakami,JP,2021-11-28 15:19:34,38.2333,139.4833,41.4,73,79,2.91
455,Nhulunbuy,AU,2021-11-28 15:19:34,-12.2333,136.7667,79.41,83,40,0.0
456,Douglas,US,2021-11-28 15:19:35,41.3,-96.167,33.1,83,1,0.0
457,Paracuru,BR,2021-11-28 15:19:35,-3.41,-39.0306,89.62,56,66,13.11
458,Riyadh,SA,2021-11-28 15:19:35,24.6877,46.7219,73.54,26,0,8.79
459,Bubaque,GW,2021-11-28 15:20:36,11.2833,-15.8333,83.66,60,22,6.91
460,Diamantino,BR,2021-11-28 15:18:09,-14.4086,-56.4461,88.86,58,98,9.64
461,Kade,DE,2021-11-28 15:20:36,52.3833,12.2667,34.86,84,36,3.15
462,Vanavara,RU,2021-11-28 15:20:36,60.34,102.2797,-1.88,100,96,3.06
463,Campbell River,CA,2021-11-28 15:20:37,50.0163,-125.2446,47.12,100,90,2.3
464,Naples,IT,2021-11-28 15:17:46,40.8333,14.25,57.31,87,90,5.75
465,Cayenne,GF,2021-11-28 15:20:37,4.9333,-52.3333,86.04,70,75,12.66
466,Gizo,SB,2021-11-28 15:20:37,-8.103,156.8419,82.99,74,100,4.5
467,Pavlivka,UA,2021-11-28 15:20:38,49.4414,28.4596,46.81,76,100,10.2
468,Haines Junction,CA,2021-11-28 15:20:38,60.7522,-137.5108,-18.45,76,100,1.14
469,Lira,UG,2021-11-28 15:20:39,2.235,32.9097,78.22,52,64,1.61
470,Vitim,RU,2021-11-28 15:20:39,59.4511,112.5578,8.89,95,100,6.13
471,Nishihara,JP,2021-11-28 15:20:39,26.1842,127.7558,70.88,60,75,16.11
472,Pontes E Lacerda,BR,2021-11-28 15:20:39,-15.2261,-59.3353,90.93,51,90,10.94
473,Pemangkat,ID,2021-11-28 15:20:40,1.1667,108.9667,77.86,79,100,5.59
474,Mpika,ZM,2021-11-28 15:20:40,-11.8343,31.4529,76.91,45,79,7.11
475,Rio Grande,BR,2021-11-28 15:20:40,-32.035,-52.0986,75.31,80,100,8.28
476,Banda Aceh,ID,2021-11-28 15:20:41,5.5577,95.3222,78.1,81,100,1.63
477,Senneterre,CA,2021-11-28 15:20:41,48.3835,-77.2328,8.82,82,78,2.59
478,Outjo,NA,2021-11-28 15:20:41,-20.1167,16.15,94.05,15,86,8.05
479,Araguaina,BR,2021-11-28 15:20:42,-7.1911,-48.2072,89.26,53,70,5.32
480,Karratha,AU,2021-11-28 15:20:42,-20.7377,116.8463,83.08,63,2,4.47
481,Fairbanks,US,2021-11-28 15:20:42,64.8378,-147.7164,-18.44,73,90,0.0
482,Iquique,CL,2021-11-28 15:20:43,-20.2208,-70.1431,68.04,67,98,5.5
483,Lazarev,RU,2021-11-28 15:20:43,52.225,141.5131,18.52,90,100,5.01
484,Port-Gentil,GA,2021-11-28 15:20:43,-0.7193,8.7815,84.16,70,40,14.97
485,Roald,NO,2021-11-28 15:20:44,62.5833,6.1333,26.74,74,0,13.8
486,Damphu,BT,2021-11-28 15:20:44,27.0721,90.1096,54.03,76,24,4.56
487,Kaseda,JP,2021-11-28 15:20:44,31.4167,130.3167,53.46,69,3,7.43
488,Pilar,BR,2021-11-28 15:20:45,-9.5972,-35.9567,93.13,40,80,12.95
489,Muscat,OM,2021-11-28 15:20:45,23.6139,58.5922,78.82,62,0,5.57
490,Coihaique,CL,2021-11-28 15:17:00,-45.5752,-72.0662,56.01,71,90,6.91
491,Shimoda,JP,2021-11-28 15:20:45,34.6667,138.95,50.65,56,7,3.83
492,San Quintin,MX,2021-11-28 15:20:46,30.4833,-115.95,63.18,45,0,3.18
493,Maniitsoq,GL,2021-11-28 15:20:46,65.4167,-52.9,36.46,97,100,14.61
494,Comodoro Rivadavia,AR,2021-11-28 15:20:05,-45.8667,-67.5,71.46,24,35,37.98
495,Lebu,CL,2021-11-28 15:20:46,-37.6167,-73.65,57.31,63,0,17.07
496,Lazaro Cardenas,MX,2021-11-28 15:20:47,17.9583,-102.2,77.18,64,64,3.89
497,Lompoc,US,2021-11-28 15:20:47,34.6391,-120.4579,47.12,34,1,5.75
498,Barra Do Corda,BR,2021-11-28 15:20:47,-5.5,-45.25,88.63,58,79,3.76
499,Dzerzhinskoye,RU,2021-11-28 15:20:48,56.8344,95.2283,22.87,79,100,12.28
500,Ous,RU,2021-11-28 15:20:48,60.9058,61.5186,20.39,87,97,8.77
501,Vila Franca Do Campo,PT,2021-11-28 15:20:48,37.7167,-25.4333,63.01,65,70,4.59
502,Basco,PH,2021-11-28 15:20:49,20.4487,121.9702,78.24,85,98,27.63
503,Rudnogorsk,RU,2021-11-28 15:20:49,57.2639,103.7519,16.07,92,100,8.25
504,Pangoa,PE,2021-11-28 15:21:49,-12.1167,-73.0,84.34,47,100,2.57
505,Mandurah,AU,2021-11-28 15:21:50,-32.55,115.7,66.45,77,60,16.8
506,Cootamundra,AU,2021-11-28 15:21:50,-34.65,148.0333,52.84,79,61,11.63
507,Uruzgan,AF,2021-11-28 15:21:50,32.8333,66.0,42.78,43,0,1.05
508,Basoko,CD,2021-11-28 15:21:51,1.2391,23.616,82.13,67,89,5.77
509,Krasnoselkup,RU,2021-11-28 15:21:51,65.7,82.4667,-11.25,100,67,8.34
510,Nouadhibou,MR,2021-11-28 15:21:51,20.931,-17.0347,75.18,41,3,23.02
511,High Level,CA,2021-11-28 15:21:52,58.5169,-117.136,10.51,100,40,2.3
512,Thomaston,US,2021-11-28 15:21:52,32.8882,-84.3266,52.11,46,1,8.05
513,Mbanza-Ngungu,CD,2021-11-28 15:21:52,-5.25,14.8667,76.68,85,73,1.41
514,Ulladulla,AU,2021-11-28 15:21:53,-35.35,150.4667,54.84,80,65,4.0
515,Odoyev,RU,2021-11-28 15:21:53,53.9393,36.6864,32.05,92,86,4.52
516,Grand Gaube,MU,2021-11-28 15:21:53,-20.0064,57.6608,79.2,67,24,3.89
517,Nisia Floresta,BR,2021-11-28 15:21:54,-6.0911,-35.2086,88.18,48,68,13.15
518,Vostochnyy,RU,2021-11-28 15:21:54,55.8167,37.8667,38.5,90,100,6.71
519,Jardim,BR,2021-11-28 15:17:20,-21.4803,-56.1381,97.74,34,59,11.14
520,Mitu,CO,2021-11-28 15:19:12,1.1983,-70.1733,85.55,62,85,3.96
521,Porbandar,IN,2021-11-28 15:21:55,21.6422,69.6093,80.37,58,18,6.33
522,Omboue,GA,2021-11-28 15:21:55,-1.5746,9.2618,81.88,76,81,9.73
523,Teknaf,BD,2021-11-28 15:21:55,20.8624,92.3058,71.82,73,11,8.61
524,Chunhuhub,MX,2021-11-28 15:21:56,19.55,-88.6833,78.76,68,47,1.45
525,Mayna,RU,2021-11-28 15:21:56,54.1135,47.6231,32.31,97,100,10.42
526,Barstow,US,2021-11-28 15:21:56,34.8986,-117.0228,44.15,11,0,1.66
527,Talnakh,RU,2021-11-28 15:21:57,69.4865,88.3972,-12.15,97,99,3.42
528,Senanga,ZM,2021-11-28 15:21:57,-16.1167,23.2667,90.14,26,100,5.06
529,Tabuk,PH,2021-11-28 15:21:58,17.4189,121.4443,73.4,94,100,3.71
530,Neijiang,CN,2021-11-28 15:21:58,29.5835,105.0622,58.84,72,100,4.16
531,Tukrah,LY,2021-11-28 15:21:58,32.5341,20.5791,82.44,28,100,30.36
532,Melita,CA,2021-11-28 15:21:58,49.2681,-100.9967,22.46,74,84,5.73
533,Alice Springs,AU,2021-11-28 15:21:59,-23.7,133.8833,62.15,63,0,0.0
534,Sao Felix Do Xingu,BR,2021-11-28 15:21:59,-6.6447,-51.995,90.1,51,31,3.8
535,Mayo,US,2021-11-28 15:21:59,38.8876,-76.5119,49.98,46,1,4.61
536,Vagay,RU,2021-11-28 15:22:00,57.9375,69.0217,19.71,91,49,7.07
537,Oksfjord,NO,2021-11-28 15:22:00,70.2396,22.3479,17.78,95,45,12.77
538,Saran,FR,2021-11-28 15:22:00,47.9501,1.876,41.02,70,75,14.97
539,Tateyama,JP,2021-11-28 15:22:01,34.9833,139.8667,48.22,45,2,5.7
540,Koutiala,ML,2021-11-28 15:22:01,12.3917,-5.4642,98.92,9,80,10.0
541,Varadero,CU,2021-11-28 15:20:28,23.1536,-81.2514,77.76,60,68,5.79
542,Bridlington,GB,2021-11-28 15:21:46,54.0831,-0.1919,35.78,71,66,19.42
543,Salinas,US,2021-11-28 15:20:48,36.6777,-121.6555,52.32,65,1,9.22
544,Menongue,AO,2021-11-28 15:22:02,-14.6585,17.691,75.85,61,95,11.56
545,Santiago,CL,2021-11-28 15:22:02,-33.4569,-70.6483,71.04,40,0,4.61
546,Pimampiro,EC,2021-11-28 15:22:02,0.4,-77.9667,70.77,48,100,3.49
547,Inirida,CO,2021-11-28 15:23:02,3.8653,-67.9239,86.25,66,81,2.55
548,Nouakchott,MR,2021-11-28 15:23:03,18.0858,-15.9785,84.13,30,24,17.18
549,Pyay,MM,2021-11-28 15:23:03,18.8167,95.2167,73.06,79,1,5.12
550,Gaoual,GN,2021-11-28 15:23:03,11.75,-13.2,99.77,24,70,2.48
551,Comarapa,BO,2021-11-28 15:23:04,-17.9,-64.4833,69.85,67,83,7.4
552,Almeirim,BR,2021-11-28 15:23:04,-1.5233,-52.5817,91.15,48,35,6.08
553,Mildura,AU,2021-11-28 15:22:53,-34.2,142.15,62.56,55,0,3.44
554,Monywa,MM,2021-11-28 15:23:04,22.1167,95.1333,70.97,68,33,5.23
555,Suixi,CN,2021-11-28 15:23:05,33.8907,116.7747,51.89,77,69,3.8
556,Puro,PH,2021-11-28 15:23:05,12.4841,123.3827,78.82,89,96,9.13
557,Margate,GB,2021-11-28 15:22:56,51.3813,1.3862,39.06,78,95,24.54
558,Bowling Green,US,2021-11-28 15:23:06,36.9903,-86.4436,45.34,70,1,8.37
559,Itarsi,IN,2021-11-28 15:23:06,22.6167,77.75,67.51,40,87,4.05
560,Newport,GB,2021-11-28 15:18:23,51.5877,-2.9984,45.14,71,34,9.44
561,Canutama,BR,2021-11-28 15:23:06,-6.5339,-64.3831,85.17,70,100,3.65
562,Pacific Grove,US,2021-11-28 15:19:11,36.6177,-121.9166,51.91,71,1,0.0
563,Palmer,US,2021-11-28 15:20:23,42.1584,-72.3287,33.73,59,75,5.75
